{
  "images" : [
    {
      "filename" : "Property 1=Component 1, Property 2=ic, Property 3=pin@1x.png",
      "idiom" : "universal",
      "scale" : "1x"
    },
    {
      "filename" : "Property 1=Component 1, Property 2=ic, Property 3=pin@2x.png",
      "idiom" : "universal",
      "scale" : "2x"
    },
    {
      "filename" : "Property 1=Component 1, Property 2=ic, Property 3=pin@3x.png",
      "idiom" : "universal",
      "scale" : "3x"
    }
  ],
  "info" : {
    "author" : "xcode",
    "version" : 1
  }
}
